<?xml version="1.0" encoding="UTF-8" standalone="yes"?>
<addon id="repository.Cine-Rex" name="Cine-Rex official Repo" version="1.0.0" provider-name="Gonzo436">
	<extension point="xbmc.addon.repository" name="Cine-Rex official Repo">
		<info compressed="false">https://raw.githubusercontent.com/Gonzo436/Cine-Rex/master/addons.xml</info>
		<checksum>https://raw.githubusercontent.com/Gonzo436/Cine-Rex/master/addons.xml.md5</checksum>
		<datadir zip="true">https://raw.githubusercontent.com/Gonzo436/Cine-Rex/master</datadir>
	</extension>
	<extension point="xbmc.addon.metadata">
		<summary>CineRex official Repo</summary>
   		<description lang="es">Instala el Addon Cine-Rex y los otros add-ons que son complementos de ayuda en la reproducción de las listas </description>
		<disclaimer></disclaimer>
		<platform>all</platform>
	</extension>
</addon>